Workbook

Sheet Verticalizado
B1: Edital Verticalizado — plano de estudo
B2: TJRJ — Concurso Público 2025 · Sem especialidade
A3: Disciplina | B3: Nº | C3: Nível | D3: Conteúdo | E3: Status | F3: Incidência | G3: Prioridade | H3: Anotações | I3: _feito
A4: LÍNGUA PORTUGUESA | B4: 1 | C4: 1 | D4: Compreensão e interpretação de textos de gêneros variados | E4: A estudar | F4: Sem dado | I4: =IF(OR($E4="Estudado",LEFT($E4,7)="Revisão"),1,0) -> 0
A5: LÍNGUA PORTUGUESA | B5: 2 | C5: 1 | D5: Reconhecimento de tipos e gêneros textuais | E5: A estudar | F5: Sem dado | I5: =IF(OR($E5="Estudado",LEFT($E5,7)="Revisão"),1,0) -> 0
A6: LÍNGUA PORTUGUESA | B6: 3 | C6: 1 | D6: Domínio da ortografia oficial | E6: A estudar | F6: Sem dado | I6: =IF(OR($E6="Estudado",LEFT($E6,7)="Revisão"),1,0) -> 0
A7: LÍNGUA PORTUGUESA | B7: 3.1 | C7: 2 | D7: Emprego das letras | E7: A estudar | F7: Sem dado | I7: =IF(OR($E7="Estudado",LEFT($E7,7)="Revisão"),1,0) -> 0
A8: LÍNGUA PORTUGUESA | B8: 3.2 | C8: 2 | D8: Emprego da acentuação gráfica | E8: A estudar | F8: Sem dado | I8: =IF(OR($E8="Estudado",LEFT($E8,7)="Revisão"),1,0) -> 0
A9: LÍNGUA PORTUGUESA | B9: 4 | C9: 1 | D9: Domínio dos mecanismos de coesão textual | E9: A estudar | F9: Sem dado | I9: =IF(OR($E9="Estudado",LEFT($E9,7)="Revisão"),1,0) -> 0
A10: LÍNGUA PORTUGUESA | B10: 4.1 | C10: 2 | D10: Emprego de elementos de referenciação, substituição e repetição, de conectores e outros elementos de sequenciação textual | E10: A estudar | F10: Sem dado | I10: =IF(OR($E10="Estudado",LEFT($E10,7)="Revisão"),1,0) -> 0
A11: LÍNGUA PORTUGUESA | B11: 4.2 | C11: 2 | D11: Emprego/correlação de tempos e modos verbais | E11: A estudar | F11: Sem dado | I11: =IF(OR($E11="Estudado",LEFT($E11,7)="Revisão"),1,0) -> 0
A12: LÍNGUA PORTUGUESA | B12: 5 | C12: 1 | D12: Domínio da estrutura morfossintática do período | E12: A estudar | F12: Sem dado | I12: =IF(OR($E12="Estudado",LEFT($E12,7)="Revisão"),1,0) -> 0
A13: LÍNGUA PORTUGUESA | B13: 5.1 | C13: 2 | D13: Relações de coordenação entre orações e entre termos da oração | E13: A estudar | F13: Sem dado | I13: =IF(OR($E13="Estudado",LEFT($E13,7)="Revisão"),1,0) -> 0
A14: LÍNGUA PORTUGUESA | B14: 5.2 | C14: 2 | D14: Relações de subordinação entre orações e entre termos da oração | E14: A estudar | F14: Sem dado | I14: =IF(OR($E14="Estudado",LEFT($E14,7)="Revisão"),1,0) -> 0
A15: LÍNGUA PORTUGUESA | B15: 5.3 | C15: 2 | D15: Emprego dos sinais de pontuação | E15: A estudar | F15: Sem dado | I15: =IF(OR($E15="Estudado",LEFT($E15,7)="Revisão"),1,0) -> 0
... A359: LEGISLAÇÃO | B359: 2 | C359: 1 | D359: Lei Federal nº 12.153/2009 | E359: A estudar | F359: Sem dado | I359: =IF(OR($E359="Estudado",LEFT($E359,7)="Revisão"),1,0) -> 0

Sheet Resumo
A1: Resumo de cobertura
A2: TJRJ — Concurso Público 2025 · Sem especialidade
A4: Disciplina | B4: Itens | C4: Concluídos | D4: % Cobertura
A5: LÍNGUA PORTUGUESA | B5: =COUNTIF(Verticalizado!$A$4:$A$359,A5) -> 18 | C5: =SUMIFS(Verticalizado!$I$4:$I$359,Verticalizado!$A$4:$A$359,A5) -> 0 | D5: =IF(B5=0,0,C5/B5) -> 0
A6: LEGISLAÇÃO ESPECIAL | B6: =COUNTIF(Verticalizado!$A$4:$A$359,A6) -> 16 | C6: =SUMIFS(Verticalizado!$I$4:$I$359,Verticalizado!$A$4:$A$359,A6) -> 0 | D6: =IF(B6=0,0,C6/B6) -> 0
A7: NOÇÕES DOS DIREITOS DAS PESSOAS COM DEFICIÊNCIA | B7: =COUNTIF(Verticalizado!$A$4:$A$359,A7) -> 3 | C7: =SUMIFS(Verticalizado!$I$4:$I$359,Verticalizado!$A$4:$A$359,A7) -> 0 | D7: =IF(B7=0,0,C7/B7) -> 0
A8: ÉTICA NO SERVIÇO PÚBLICO | B8: =COUNTIF(Verticalizado!$A$4:$A$359,A8) -> 10 | C8: =SUMIFS(Verticalizado!$I$4:$I$359,Verticalizado!$A$4:$A$359,A8) -> 0 | D8: =IF(B8=0,0,C8/B8) -> 0
A9: DIREITO ADMINISTRATIVO | B9: =COUNTIF(Verticalizado!$A$4:$A$359,A9) -> 56 | C9: =SUMIFS(Verticalizado!$I$4:$I$359,Verticalizado!$A$4:$A$359,A9) -> 0 | D9: =IF(B9=0,0,C9/B9) -> 0
A10: DIREITO CONSTITUCIONAL | B10: =COUNTIF(Verticalizado!$A$4:$A$359,A10) -> 32 | C10: =SUMIFS(Verticalizado!$I$4:$I$359,Verticalizado!$A$4:$A$359,A10) -> 0 | D10: =IF(B10=0,0,C10/B10) -> 0
A11: DIREITO CIVIL | B11: =COUNTIF(Verticalizado!$A$4:$A$359,A11) -> 52 | C11: =SUMIFS(Verticalizado!$I$4:$I$359,Verticalizado!$A$4:$A$359,A11) -> 0 | D11: =IF(B11=0,0,C11/B11) -> 0
A12: DIREITO PROCESSUAL CIVIL | B12: =COUNTIF(Verticalizado!$A$4:$A$359,A12) -> 72 | C12: =SUMIFS(Verticalizado!$I$4:$I$359,Verticalizado!$A$4:$A$359,A12) -> 0 | D12: =IF(B12=0,0,C12/B12) -> 0
A13: DIREITO PENAL | B13: =COUNTIF(Verticalizado!$A$4:$A$359,A13) -> 24 | C13: =SUMIFS(Verticalizado!$I$4:$I$359,Verticalizado!$A$4:$A$359,A13) -> 0 | D13: =IF(B13=0,0,C13/B13) -> 0
A14: DIREITO PROCESSUAL PENAL | B14: =COUNTIF(Verticalizado!$A$4:$A$359,A14) -> 57 | C14: =SUMIFS(Verticalizado!$I$4:$I$359,Verticalizado!$A$4:$A$359,A14) -> 0 | D14: =IF(B14=0,0,C14/B14) -> 0
A15: LEGISLAÇÃO | B15: =COUNTIF(Verticalizado!$A$4:$A$359,A15) -> 16 | C15: =SUMIFS(Verticalizado!$I$4:$I$359,Verticalizado!$A$4:$A$359,A15) -> 0 | D15: =IF(B15=0,0,C15/B15) -> 0
A16: TOTAL | B16: =SUM(B5:B15) -> 356 | C16: =SUM(C5:C15) -> 0 | D16: =IF(B16=0,0,C16/B16) -> 0

Sheet Como usar
A1: Como usar esta planilha
A3: 1. Aba 'Verticalizado': cada linha é um item do edital, na ordem original.
A4: 2. 'Status': marque seu progresso (A estudar → Estudado → Revisão 1/2/3).
A5: As cores e a aba 'Resumo' (% de cobertura) atualizam sozinhas.
A6: 3. 'Incidência': começa como 'Sem dado' DE PROPÓSITO.
A7: A IA não chuta o que mais cai. Para preencher de verdade, junte os assuntos
A8: das últimas provas da SUA banca e classifique cada item em Alta/Média/Baixa.
A9: 4. 'Prioridade': ataque primeiro o que é Incidência Alta e ainda não estudou.
A10: 5. 'Anotações': links, dúvidas, mnemônicos.
A12: Princípio: a IA organiza, você decide. Ela não estuda no seu lugar — libera seu tempo.
